insert into projectx.experience (id, date, tourist_id, trip_id) values (1, '2020-09-18', 14, 37);
insert into projectx.experience (id, date, tourist_id, trip_id) values (2, '2020-10-12', 19, 11);
insert into projectx.experience (id, date, tourist_id, trip_id) values (3, '2020-09-10', 19, 38);
insert into projectx.experience (id, date, tourist_id, trip_id) values (4, '2021-03-24', 9, 3);
insert into projectx.experience (id, date, tourist_id, trip_id) values (5, '2020-06-27', 13, 3);
insert into projectx.experience (id, date, tourist_id, trip_id) values (6, '2020-10-07', 8, 42);
insert into projectx.experience (id, date, tourist_id, trip_id) values (7, '2020-08-08', 12, 10);
insert into projectx.experience (id, date, tourist_id, trip_id) values (8, '2020-06-07', 11, 16);
insert into projectx.experience (id, date, tourist_id, trip_id) values (9, '2021-01-03', 16, 31);
insert into projectx.experience (id, date, tourist_id, trip_id) values (10, '2020-11-20', 18, 3);
insert into projectx.experience (id, date, tourist_id, trip_id) values (11, '2020-07-16', 5, 16);
insert into projectx.experience (id, date, tourist_id, trip_id) values (12, '2020-12-04', 16, 27);
insert into projectx.experience (id, date, tourist_id, trip_id) values (13, '2020-07-15', 7, 2);
insert into projectx.experience (id, date, tourist_id, trip_id) values (14, '2020-09-15', 16, 21);
insert into projectx.experience (id, date, tourist_id, trip_id) values (15, '2021-01-20', 19, 37);
insert into projectx.experience (id, date, tourist_id, trip_id) values (16, '2021-04-09', 9, 18);
insert into projectx.experience (id, date, tourist_id, trip_id) values (17, '2021-04-26', 10, 14);
insert into projectx.experience (id, date, tourist_id, trip_id) values (18, '2021-05-26', 13, 10);
insert into projectx.experience (id, date, tourist_id, trip_id) values (19, '2020-07-18', 10, 42);
insert into projectx.experience (id, date, tourist_id, trip_id) values (20, '2021-01-02', 16, 40);
insert into projectx.experience (id, date, tourist_id, trip_id) values (21, '2021-01-22', 19, 18);
insert into projectx.experience (id, date, tourist_id, trip_id) values (22, '2020-09-20', 19, 36);
insert into projectx.experience (id, date, tourist_id, trip_id) values (23, '2021-03-13', 5, 27);
insert into projectx.experience (id, date, tourist_id, trip_id) values (24, '2020-10-18', 12, 43);
insert into projectx.experience (id, date, tourist_id, trip_id) values (25, '2020-12-01', 11, 29);
insert into projectx.experience (id, date, tourist_id, trip_id) values (26, '2020-10-26', 19, 1);
insert into projectx.experience (id, date, tourist_id, trip_id) values (27, '2021-04-13', 1, 17);
insert into projectx.experience (id, date, tourist_id, trip_id) values (28, '2021-05-23', 19, 26);
insert into projectx.experience (id, date, tourist_id, trip_id) values (29, '2020-10-31', 7, 35);
insert into projectx.experience (id, date, tourist_id, trip_id) values (30, '2020-12-20', 17, 3);
insert into projectx.experience (id, date, tourist_id, trip_id) values (31, '2020-06-24', 18, 18);
insert into projectx.experience (id, date, tourist_id, trip_id) values (32, '2021-02-17', 7, 20);
insert into projectx.experience (id, date, tourist_id, trip_id) values (33, '2021-01-24', 18, 26);
insert into projectx.experience (id, date, tourist_id, trip_id) values (34, '2020-12-09', 18, 39);
insert into projectx.experience (id, date, tourist_id, trip_id) values (35, '2020-07-16', 10, 18);
insert into projectx.experience (id, date, tourist_id, trip_id) values (36, '2021-04-04', 7, 16);
insert into projectx.experience (id, date, tourist_id, trip_id) values (37, '2020-07-21', 16, 31);
insert into projectx.experience (id, date, tourist_id, trip_id) values (38, '2020-10-03', 7, 16);
insert into projectx.experience (id, date, tourist_id, trip_id) values (39, '2020-08-21', 10, 40);
insert into projectx.experience (id, date, tourist_id, trip_id) values (40, '2020-06-04', 14, 6);
insert into projectx.experience (id, date, tourist_id, trip_id) values (41, '2020-11-14', 16, 29);
insert into projectx.experience (id, date, tourist_id, trip_id) values (42, '2020-07-20', 15, 13);
insert into projectx.experience (id, date, tourist_id, trip_id) values (43, '2021-03-27', 7, 38);
insert into projectx.experience (id, date, tourist_id, trip_id) values (44, '2021-05-18', 7, 17);
insert into projectx.experience (id, date, tourist_id, trip_id) values (45, '2021-05-23', 7, 5);
insert into projectx.experience (id, date, tourist_id, trip_id) values (46, '2020-09-05', 16, 35);
insert into projectx.experience (id, date, tourist_id, trip_id) values (47, '2021-05-08', 20, 8);
insert into projectx.experience (id, date, tourist_id, trip_id) values (48, '2021-02-07', 10, 30);
insert into projectx.experience (id, date, tourist_id, trip_id) values (49, '2021-05-11', 15, 48);
insert into projectx.experience (id, date, tourist_id, trip_id) values (50, '2020-10-06', 13, 47);
insert into projectx.experience (id, date, tourist_id, trip_id) values (51, '2020-10-23', 13, 20);
insert into projectx.experience (id, date, tourist_id, trip_id) values (52, '2020-07-13', 3, 46);
insert into projectx.experience (id, date, tourist_id, trip_id) values (53, '2021-04-02', 12, 16);
insert into projectx.experience (id, date, tourist_id, trip_id) values (54, '2021-05-05', 20, 24);
insert into projectx.experience (id, date, tourist_id, trip_id) values (55, '2020-10-12', 13, 29);
insert into projectx.experience (id, date, tourist_id, trip_id) values (56, '2020-09-25', 15, 30);
insert into projectx.experience (id, date, tourist_id, trip_id) values (57, '2021-04-21', 18, 43);
insert into projectx.experience (id, date, tourist_id, trip_id) values (58, '2020-11-01', 2, 36);
insert into projectx.experience (id, date, tourist_id, trip_id) values (59, '2020-11-29', 9, 21);
insert into projectx.experience (id, date, tourist_id, trip_id) values (60, '2021-05-08', 19, 10);
insert into projectx.experience (id, date, tourist_id, trip_id) values (61, '2020-07-12', 10, 43);
insert into projectx.experience (id, date, tourist_id, trip_id) values (62, '2020-10-25', 14, 43);
insert into projectx.experience (id, date, tourist_id, trip_id) values (63, '2021-01-09', 3, 46);
insert into projectx.experience (id, date, tourist_id, trip_id) values (64, '2021-03-05', 18, 33);
insert into projectx.experience (id, date, tourist_id, trip_id) values (65, '2020-08-27', 12, 49);
insert into projectx.experience (id, date, tourist_id, trip_id) values (66, '2020-09-28', 11, 31);
insert into projectx.experience (id, date, tourist_id, trip_id) values (67, '2020-07-23', 9, 30);
insert into projectx.experience (id, date, tourist_id, trip_id) values (68, '2020-07-03', 4, 4);
insert into projectx.experience (id, date, tourist_id, trip_id) values (69, '2020-06-19', 2, 16);
insert into projectx.experience (id, date, tourist_id, trip_id) values (70, '2020-10-15', 11, 25);
insert into projectx.experience (id, date, tourist_id, trip_id) values (71, '2020-11-06', 10, 16);
insert into projectx.experience (id, date, tourist_id, trip_id) values (72, '2021-05-26', 6, 37);
insert into projectx.experience (id, date, tourist_id, trip_id) values (73, '2021-04-10', 19, 15);
insert into projectx.experience (id, date, tourist_id, trip_id) values (74, '2021-01-02', 2, 46);
insert into projectx.experience (id, date, tourist_id, trip_id) values (75, '2021-02-16', 17, 14);
insert into projectx.experience (id, date, tourist_id, trip_id) values (76, '2020-06-04', 18, 15);
insert into projectx.experience (id, date, tourist_id, trip_id) values (77, '2020-06-30', 4, 42);
insert into projectx.experience (id, date, tourist_id, trip_id) values (78, '2020-10-24', 2, 44);
insert into projectx.experience (id, date, tourist_id, trip_id) values (79, '2021-02-18', 16, 8);
insert into projectx.experience (id, date, tourist_id, trip_id) values (80, '2020-11-14', 5, 7);
insert into projectx.experience (id, date, tourist_id, trip_id) values (81, '2020-10-29', 8, 4);
insert into projectx.experience (id, date, tourist_id, trip_id) values (82, '2020-12-13', 6, 17);
insert into projectx.experience (id, date, tourist_id, trip_id) values (83, '2020-10-11', 4, 34);
insert into projectx.experience (id, date, tourist_id, trip_id) values (84, '2020-09-12', 4, 31);
insert into projectx.experience (id, date, tourist_id, trip_id) values (85, '2020-11-21', 10, 5);
insert into projectx.experience (id, date, tourist_id, trip_id) values (86, '2021-01-20', 6, 16);
insert into projectx.experience (id, date, tourist_id, trip_id) values (87, '2021-04-16', 3, 39);
insert into projectx.experience (id, date, tourist_id, trip_id) values (88, '2020-10-13', 17, 43);
insert into projectx.experience (id, date, tourist_id, trip_id) values (89, '2020-10-06', 2, 27);
insert into projectx.experience (id, date, tourist_id, trip_id) values (90, '2021-04-19', 9, 17);
insert into projectx.experience (id, date, tourist_id, trip_id) values (91, '2020-10-13', 11, 28);
insert into projectx.experience (id, date, tourist_id, trip_id) values (92, '2020-10-21', 14, 32);
insert into projectx.experience (id, date, tourist_id, trip_id) values (93, '2020-11-28', 16, 6);
insert into projectx.experience (id, date, tourist_id, trip_id) values (94, '2021-02-04', 19, 10);
insert into projectx.experience (id, date, tourist_id, trip_id) values (95, '2020-10-23', 10, 31);
insert into projectx.experience (id, date, tourist_id, trip_id) values (96, '2020-09-27', 10, 34);
insert into projectx.experience (id, date, tourist_id, trip_id) values (97, '2020-11-22', 14, 25);
insert into projectx.experience (id, date, tourist_id, trip_id) values (98, '2020-11-04', 1, 50);
insert into projectx.experience (id, date, tourist_id, trip_id) values (99, '2020-09-02', 13, 42);
insert into projectx.experience (id, date, tourist_id, trip_id) values (100, '2020-12-08', 13, 14);
insert into projectx.experience (id, date, tourist_id, trip_id) values (101, '2020-11-25', 8, 10);
insert into projectx.experience (id, date, tourist_id, trip_id) values (102, '2021-03-30', 8, 44);
insert into projectx.experience (id, date, tourist_id, trip_id) values (103, '2020-09-29', 13, 49);
insert into projectx.experience (id, date, tourist_id, trip_id) values (104, '2021-04-01', 14, 36);
insert into projectx.experience (id, date, tourist_id, trip_id) values (105, '2020-06-02', 19, 15);
insert into projectx.experience (id, date, tourist_id, trip_id) values (106, '2021-05-22', 10, 40);
insert into projectx.experience (id, date, tourist_id, trip_id) values (107, '2020-07-01', 14, 33);
insert into projectx.experience (id, date, tourist_id, trip_id) values (108, '2020-06-10', 16, 23);
insert into projectx.experience (id, date, tourist_id, trip_id) values (109, '2021-05-09', 14, 29);
insert into projectx.experience (id, date, tourist_id, trip_id) values (110, '2021-04-28', 10, 13);
insert into projectx.experience (id, date, tourist_id, trip_id) values (111, '2020-08-09', 6, 5);
insert into projectx.experience (id, date, tourist_id, trip_id) values (112, '2021-04-19', 6, 43);
insert into projectx.experience (id, date, tourist_id, trip_id) values (113, '2021-04-19', 14, 46);
insert into projectx.experience (id, date, tourist_id, trip_id) values (114, '2020-07-02', 18, 19);
insert into projectx.experience (id, date, tourist_id, trip_id) values (115, '2021-04-11', 18, 19);
insert into projectx.experience (id, date, tourist_id, trip_id) values (116, '2020-08-05', 19, 46);
insert into projectx.experience (id, date, tourist_id, trip_id) values (117, '2020-12-11', 15, 17);
insert into projectx.experience (id, date, tourist_id, trip_id) values (118, '2020-09-03', 7, 1);
insert into projectx.experience (id, date, tourist_id, trip_id) values (119, '2021-05-20', 13, 41);
insert into projectx.experience (id, date, tourist_id, trip_id) values (120, '2021-01-05', 1, 28);
insert into projectx.experience (id, date, tourist_id, trip_id) values (121, '2020-12-13', 4, 42);
insert into projectx.experience (id, date, tourist_id, trip_id) values (122, '2020-07-09', 12, 23);
insert into projectx.experience (id, date, tourist_id, trip_id) values (123, '2020-06-14', 12, 1);
insert into projectx.experience (id, date, tourist_id, trip_id) values (124, '2020-06-02', 20, 47);
insert into projectx.experience (id, date, tourist_id, trip_id) values (125, '2021-03-29', 14, 48);
insert into projectx.experience (id, date, tourist_id, trip_id) values (126, '2021-02-08', 5, 17);
insert into projectx.experience (id, date, tourist_id, trip_id) values (127, '2020-08-18', 13, 50);
insert into projectx.experience (id, date, tourist_id, trip_id) values (128, '2021-04-14', 19, 9);
insert into projectx.experience (id, date, tourist_id, trip_id) values (129, '2021-01-24', 16, 8);
insert into projectx.experience (id, date, tourist_id, trip_id) values (130, '2021-04-22', 18, 34);
insert into projectx.experience (id, date, tourist_id, trip_id) values (131, '2020-08-11', 11, 45);
insert into projectx.experience (id, date, tourist_id, trip_id) values (132, '2021-05-10', 1, 12);
insert into projectx.experience (id, date, tourist_id, trip_id) values (133, '2020-09-09', 8, 31);
insert into projectx.experience (id, date, tourist_id, trip_id) values (134, '2021-03-23', 1, 33);
insert into projectx.experience (id, date, tourist_id, trip_id) values (135, '2020-10-28', 14, 27);
insert into projectx.experience (id, date, tourist_id, trip_id) values (136, '2021-04-23', 3, 30);
insert into projectx.experience (id, date, tourist_id, trip_id) values (137, '2020-07-25', 20, 49);
insert into projectx.experience (id, date, tourist_id, trip_id) values (138, '2021-01-22', 7, 16);
insert into projectx.experience (id, date, tourist_id, trip_id) values (139, '2021-03-26', 1, 12);
insert into projectx.experience (id, date, tourist_id, trip_id) values (140, '2020-08-30', 9, 18);
insert into projectx.experience (id, date, tourist_id, trip_id) values (141, '2021-04-13', 20, 25);
insert into projectx.experience (id, date, tourist_id, trip_id) values (142, '2021-05-27', 2, 30);
insert into projectx.experience (id, date, tourist_id, trip_id) values (143, '2020-07-13', 10, 47);
insert into projectx.experience (id, date, tourist_id, trip_id) values (144, '2020-06-12', 16, 41);
insert into projectx.experience (id, date, tourist_id, trip_id) values (145, '2020-06-15', 12, 28);
insert into projectx.experience (id, date, tourist_id, trip_id) values (146, '2021-03-05', 15, 13);
insert into projectx.experience (id, date, tourist_id, trip_id) values (147, '2021-02-09', 10, 28);
insert into projectx.experience (id, date, tourist_id, trip_id) values (148, '2020-11-06', 13, 33);
insert into projectx.experience (id, date, tourist_id, trip_id) values (149, '2020-06-10', 17, 44);
insert into projectx.experience (id, date, tourist_id, trip_id) values (150, '2021-01-29', 11, 4);
insert into projectx.experience (id, date, tourist_id, trip_id) values (151, '2020-06-27', 6, 34);
insert into projectx.experience (id, date, tourist_id, trip_id) values (152, '2020-09-04', 17, 39);
insert into projectx.experience (id, date, tourist_id, trip_id) values (153, '2020-12-12', 16, 48);
insert into projectx.experience (id, date, tourist_id, trip_id) values (154, '2021-03-29', 10, 33);
insert into projectx.experience (id, date, tourist_id, trip_id) values (155, '2020-10-23', 10, 20);
insert into projectx.experience (id, date, tourist_id, trip_id) values (156, '2021-04-16', 14, 18);
insert into projectx.experience (id, date, tourist_id, trip_id) values (157, '2020-07-20', 18, 7);
insert into projectx.experience (id, date, tourist_id, trip_id) values (158, '2021-03-03', 5, 28);
insert into projectx.experience (id, date, tourist_id, trip_id) values (159, '2021-01-22', 13, 17);
insert into projectx.experience (id, date, tourist_id, trip_id) values (160, '2021-02-21', 20, 40);
insert into projectx.experience (id, date, tourist_id, trip_id) values (161, '2021-04-26', 9, 40);
insert into projectx.experience (id, date, tourist_id, trip_id) values (162, '2020-08-17', 16, 12);
insert into projectx.experience (id, date, tourist_id, trip_id) values (163, '2021-02-16', 5, 13);
insert into projectx.experience (id, date, tourist_id, trip_id) values (164, '2020-10-22', 7, 7);
insert into projectx.experience (id, date, tourist_id, trip_id) values (165, '2020-10-27', 1, 25);
insert into projectx.experience (id, date, tourist_id, trip_id) values (166, '2020-12-15', 5, 10);
insert into projectx.experience (id, date, tourist_id, trip_id) values (167, '2021-03-27', 20, 26);
insert into projectx.experience (id, date, tourist_id, trip_id) values (168, '2021-04-17', 10, 42);
insert into projectx.experience (id, date, tourist_id, trip_id) values (169, '2021-01-27', 11, 15);
insert into projectx.experience (id, date, tourist_id, trip_id) values (170, '2020-11-12', 2, 32);
insert into projectx.experience (id, date, tourist_id, trip_id) values (171, '2020-10-08', 20, 30);
insert into projectx.experience (id, date, tourist_id, trip_id) values (172, '2020-06-03', 17, 29);
insert into projectx.experience (id, date, tourist_id, trip_id) values (173, '2021-05-14', 1, 36);
insert into projectx.experience (id, date, tourist_id, trip_id) values (174, '2021-01-30', 11, 33);
insert into projectx.experience (id, date, tourist_id, trip_id) values (175, '2021-05-26', 16, 2);
insert into projectx.experience (id, date, tourist_id, trip_id) values (176, '2020-07-31', 15, 41);
insert into projectx.experience (id, date, tourist_id, trip_id) values (177, '2020-06-05', 2, 46);
insert into projectx.experience (id, date, tourist_id, trip_id) values (178, '2021-03-20', 5, 19);
insert into projectx.experience (id, date, tourist_id, trip_id) values (179, '2021-05-04', 19, 47);
insert into projectx.experience (id, date, tourist_id, trip_id) values (180, '2020-06-25', 16, 36);
insert into projectx.experience (id, date, tourist_id, trip_id) values (181, '2020-09-07', 19, 40);
insert into projectx.experience (id, date, tourist_id, trip_id) values (182, '2020-06-16', 8, 46);
insert into projectx.experience (id, date, tourist_id, trip_id) values (183, '2020-11-01', 18, 4);
insert into projectx.experience (id, date, tourist_id, trip_id) values (184, '2020-10-16', 18, 41);
insert into projectx.experience (id, date, tourist_id, trip_id) values (185, '2020-06-03', 2, 9);
insert into projectx.experience (id, date, tourist_id, trip_id) values (186, '2021-04-15', 2, 48);
insert into projectx.experience (id, date, tourist_id, trip_id) values (187, '2020-12-14', 1, 25);
insert into projectx.experience (id, date, tourist_id, trip_id) values (188, '2020-06-13', 1, 50);
insert into projectx.experience (id, date, tourist_id, trip_id) values (189, '2020-11-06', 9, 3);
insert into projectx.experience (id, date, tourist_id, trip_id) values (190, '2020-06-04', 19, 29);
insert into projectx.experience (id, date, tourist_id, trip_id) values (191, '2021-01-03', 15, 47);
insert into projectx.experience (id, date, tourist_id, trip_id) values (192, '2021-02-03', 14, 22);
insert into projectx.experience (id, date, tourist_id, trip_id) values (193, '2021-04-21', 7, 15);
insert into projectx.experience (id, date, tourist_id, trip_id) values (194, '2020-11-03', 10, 19);
insert into projectx.experience (id, date, tourist_id, trip_id) values (195, '2021-01-15', 3, 23);
insert into projectx.experience (id, date, tourist_id, trip_id) values (196, '2021-03-28', 1, 29);
insert into projectx.experience (id, date, tourist_id, trip_id) values (197, '2021-02-17', 3, 28);
insert into projectx.experience (id, date, tourist_id, trip_id) values (198, '2020-10-31', 12, 23);
insert into projectx.experience (id, date, tourist_id, trip_id) values (199, '2020-12-31', 10, 17);
insert into projectx.experience (id, date, tourist_id, trip_id) values (200, '2021-03-01', 2, 39);
insert into projectx.tourist (id, name, email) values (1, 'Andree Scrivner', 'ascrivner0@about.com');
insert into projectx.tourist (id, name, email) values (2, 'Erwin Dulake', 'edulake1@accuweather.com');
insert into projectx.tourist (id, name, email) values (3, 'Gran Gronw', 'ggronw2@quantcast.com');
insert into projectx.tourist (id, name, email) values (4, 'Tailor Stoving', 'tstoving3@cloudflare.com');
insert into projectx.tourist (id, name, email) values (5, 'Easter Margetts', 'emargetts4@ask.com');
insert into projectx.tourist (id, name, email) values (6, 'Ailsun Bowry', 'abowry5@foxnews.com');
insert into projectx.tourist (id, name, email) values (7, 'Justinian Currer', 'jcurrer6@merriam-webster.com');
insert into projectx.tourist (id, name, email) values (8, 'Amelita Bolzen', 'abolzen7@berkeley.edu');
insert into projectx.tourist (id, name, email) values (9, 'Alair Kauffman', 'akauffman8@uol.com.br');
insert into projectx.tourist (id, name, email) values (10, 'Neddie Mullen', 'nmullen9@shop-pro.jp');
insert into projectx.tourist (id, name, email) values (11, 'Marilee Beiderbecke', 'mbeiderbeckea@nih.gov');
insert into projectx.tourist (id, name, email) values (12, 'Lynn Vaines', 'lvainesb@php.net');
insert into projectx.tourist (id, name, email) values (13, 'Linus Theunissen', 'ltheunissenc@cbsnews.com');
insert into projectx.tourist (id, name, email) values (14, 'Alane Skeermor', 'askeermord@tinypic.com');
insert into projectx.tourist (id, name, email) values (15, 'Melba Hucks', 'mhuckse@seesaa.net');
insert into projectx.tourist (id, name, email) values (16, 'Melosa Lankford', 'mlankfordf@go.com');
insert into projectx.tourist (id, name, email) values (17, 'Karna Powling', 'kpowlingg@dion.ne.jp');
insert into projectx.tourist (id, name, email) values (18, 'Javier Dewar', 'jdewarh@biglobe.ne.jp');
insert into projectx.tourist (id, name, email) values (19, 'Aubrey Jessard', 'ajessardi@bandcamp.com');
insert into projectx.tourist (id, name, email) values (20, 'Nanine Dowley', 'ndowleyj@over-blog.com');
insert into projectx.tourist_experiences (experiences_id, tourist_id) values (1, 13);
insert into projectx.tourist_experiences (experiences_id, tourist_id) values (2, 13);
insert into projectx.tourist_experiences (experiences_id, tourist_id) values (3, 16);
insert into projectx.tourist_experiences (experiences_id, tourist_id) values (4, 18);
insert into projectx.tourist_experiences (experiences_id, tourist_id) values (5, 2);
insert into projectx.tourist_experiences (experiences_id, tourist_id) values (6, 9);
insert into projectx.tourist_experiences (experiences_id, tourist_id) values (7, 14);
insert into projectx.tourist_experiences (experiences_id, tourist_id) values (8, 12);
insert into projectx.tourist_experiences (experiences_id, tourist_id) values (9, 8);
insert into projectx.tourist_experiences (experiences_id, tourist_id) values (10, 18);
insert into projectx.tourist_experiences (experiences_id, tourist_id) values (11, 1);
insert into projectx.tourist_experiences (experiences_id, tourist_id) values (12, 4);
insert into projectx.tourist_experiences (experiences_id, tourist_id) values (13, 7);
insert into projectx.tourist_experiences (experiences_id, tourist_id) values (14, 7);
insert into projectx.tourist_experiences (experiences_id, tourist_id) values (15, 11);
insert into projectx.tourist_experiences (experiences_id, tourist_id) values (16, 3);
insert into projectx.tourist_experiences (experiences_id, tourist_id) values (17, 10);
insert into projectx.tourist_experiences (experiences_id, tourist_id) values (18, 2);
insert into projectx.tourist_experiences (experiences_id, tourist_id) values (19, 14);
insert into projectx.tourist_experiences (experiences_id, tourist_id) values (20, 12);
insert into projectx.tourist_experiences (experiences_id, tourist_id) values (21, 7);
insert into projectx.tourist_experiences (experiences_id, tourist_id) values (22, 8);
insert into projectx.tourist_experiences (experiences_id, tourist_id) values (23, 8);
insert into projectx.tourist_experiences (experiences_id, tourist_id) values (24, 3);
insert into projectx.tourist_experiences (experiences_id, tourist_id) values (25, 3);
insert into projectx.tourist_experiences (experiences_id, tourist_id) values (26, 15);
insert into projectx.tourist_experiences (experiences_id, tourist_id) values (27, 15);
insert into projectx.tourist_experiences (experiences_id, tourist_id) values (28, 2);
insert into projectx.tourist_experiences (experiences_id, tourist_id) values (29, 3);
insert into projectx.tourist_experiences (experiences_id, tourist_id) values (30, 11);
insert into projectx.tourist_experiences (experiences_id, tourist_id) values (31, 16);
insert into projectx.tourist_experiences (experiences_id, tourist_id) values (32, 15);
insert into projectx.tourist_experiences (experiences_id, tourist_id) values (33, 18);
insert into projectx.tourist_experiences (experiences_id, tourist_id) values (34, 1);
insert into projectx.tourist_experiences (experiences_id, tourist_id) values (35, 6);
insert into projectx.tourist_experiences (experiences_id, tourist_id) values (36, 15);
insert into projectx.tourist_experiences (experiences_id, tourist_id) values (37, 12);
insert into projectx.tourist_experiences (experiences_id, tourist_id) values (38, 16);
insert into projectx.tourist_experiences (experiences_id, tourist_id) values (39, 6);
insert into projectx.tourist_experiences (experiences_id, tourist_id) values (40, 14);
insert into projectx.tourist_experiences (experiences_id, tourist_id) values (41, 9);
insert into projectx.tourist_experiences (experiences_id, tourist_id) values (42, 20);
insert into projectx.tourist_experiences (experiences_id, tourist_id) values (43, 11);
insert into projectx.tourist_experiences (experiences_id, tourist_id) values (44, 13);
insert into projectx.tourist_experiences (experiences_id, tourist_id) values (45, 18);
insert into projectx.tourist_experiences (experiences_id, tourist_id) values (46, 7);
insert into projectx.tourist_experiences (experiences_id, tourist_id) values (47, 17);
insert into projectx.tourist_experiences (experiences_id, tourist_id) values (48, 15);
insert into projectx.tourist_experiences (experiences_id, tourist_id) values (49, 3);
insert into projectx.tourist_experiences (experiences_id, tourist_id) values (50, 9);
insert into projectx.tourist_experiences (experiences_id, tourist_id) values (51, 6);
insert into projectx.tourist_experiences (experiences_id, tourist_id) values (52, 20);
insert into projectx.tourist_experiences (experiences_id, tourist_id) values (53, 4);
insert into projectx.tourist_experiences (experiences_id, tourist_id) values (54, 1);
insert into projectx.tourist_experiences (experiences_id, tourist_id) values (55, 11);
insert into projectx.tourist_experiences (experiences_id, tourist_id) values (56, 18);
insert into projectx.tourist_experiences (experiences_id, tourist_id) values (57, 6);
insert into projectx.tourist_experiences (experiences_id, tourist_id) values (58, 17);
insert into projectx.tourist_experiences (experiences_id, tourist_id) values (59, 18);
insert into projectx.tourist_experiences (experiences_id, tourist_id) values (60, 2);
insert into projectx.tourist_experiences (experiences_id, tourist_id) values (61, 13);
insert into projectx.tourist_experiences (experiences_id, tourist_id) values (62, 12);
insert into projectx.tourist_experiences (experiences_id, tourist_id) values (63, 2);
insert into projectx.tourist_experiences (experiences_id, tourist_id) values (64, 8);
insert into projectx.tourist_experiences (experiences_id, tourist_id) values (65, 1);
insert into projectx.tourist_experiences (experiences_id, tourist_id) values (66, 7);
insert into projectx.tourist_experiences (experiences_id, tourist_id) values (67, 2);
insert into projectx.tourist_experiences (experiences_id, tourist_id) values (68, 4);
insert into projectx.tourist_experiences (experiences_id, tourist_id) values (69, 12);
insert into projectx.tourist_experiences (experiences_id, tourist_id) values (70, 4);
insert into projectx.tourist_experiences (experiences_id, tourist_id) values (71, 1);
insert into projectx.tourist_experiences (experiences_id, tourist_id) values (72, 16);
insert into projectx.tourist_experiences (experiences_id, tourist_id) values (73, 19);
insert into projectx.tourist_experiences (experiences_id, tourist_id) values (74, 13);
insert into projectx.tourist_experiences (experiences_id, tourist_id) values (75, 18);
insert into projectx.tourist_experiences (experiences_id, tourist_id) values (76, 4);
insert into projectx.tourist_experiences (experiences_id, tourist_id) values (77, 7);
insert into projectx.tourist_experiences (experiences_id, tourist_id) values (78, 3);
insert into projectx.tourist_experiences (experiences_id, tourist_id) values (79, 8);
insert into projectx.tourist_experiences (experiences_id, tourist_id) values (80, 9);
insert into projectx.tourist_experiences (experiences_id, tourist_id) values (81, 1);
insert into projectx.tourist_experiences (experiences_id, tourist_id) values (82, 8);
insert into projectx.tourist_experiences (experiences_id, tourist_id) values (83, 2);
insert into projectx.tourist_experiences (experiences_id, tourist_id) values (84, 18);
insert into projectx.tourist_experiences (experiences_id, tourist_id) values (85, 18);
insert into projectx.tourist_experiences (experiences_id, tourist_id) values (86, 13);
insert into projectx.tourist_experiences (experiences_id, tourist_id) values (87, 6);
insert into projectx.tourist_experiences (experiences_id, tourist_id) values (88, 5);
insert into projectx.tourist_experiences (experiences_id, tourist_id) values (89, 7);
insert into projectx.tourist_experiences (experiences_id, tourist_id) values (90, 18);
insert into projectx.tourist_experiences (experiences_id, tourist_id) values (91, 9);
insert into projectx.tourist_experiences (experiences_id, tourist_id) values (92, 18);
insert into projectx.tourist_experiences (experiences_id, tourist_id) values (93, 6);
insert into projectx.tourist_experiences (experiences_id, tourist_id) values (94, 2);
insert into projectx.tourist_experiences (experiences_id, tourist_id) values (95, 8);
insert into projectx.tourist_experiences (experiences_id, tourist_id) values (96, 8);
insert into projectx.tourist_experiences (experiences_id, tourist_id) values (97, 9);
insert into projectx.tourist_experiences (experiences_id, tourist_id) values (98, 20);
insert into projectx.tourist_experiences (experiences_id, tourist_id) values (99, 2);
insert into projectx.tourist_experiences (experiences_id, tourist_id) values (100, 11);
insert into projectx.tourist_experiences (experiences_id, tourist_id) values (101, 3);
insert into projectx.tourist_experiences (experiences_id, tourist_id) values (102, 18);
insert into projectx.tourist_experiences (experiences_id, tourist_id) values (103, 12);
insert into projectx.tourist_experiences (experiences_id, tourist_id) values (104, 6);
insert into projectx.tourist_experiences (experiences_id, tourist_id) values (105, 2);
insert into projectx.tourist_experiences (experiences_id, tourist_id) values (106, 17);
insert into projectx.tourist_experiences (experiences_id, tourist_id) values (107, 7);
insert into projectx.tourist_experiences (experiences_id, tourist_id) values (108, 16);
insert into projectx.tourist_experiences (experiences_id, tourist_id) values (109, 11);
insert into projectx.tourist_experiences (experiences_id, tourist_id) values (110, 6);
insert into projectx.tourist_experiences (experiences_id, tourist_id) values (111, 10);
insert into projectx.tourist_experiences (experiences_id, tourist_id) values (112, 20);
insert into projectx.tourist_experiences (experiences_id, tourist_id) values (113, 15);
insert into projectx.tourist_experiences (experiences_id, tourist_id) values (114, 1);
insert into projectx.tourist_experiences (experiences_id, tourist_id) values (115, 11);
insert into projectx.tourist_experiences (experiences_id, tourist_id) values (116, 3);
insert into projectx.tourist_experiences (experiences_id, tourist_id) values (117, 17);
insert into projectx.tourist_experiences (experiences_id, tourist_id) values (118, 13);
insert into projectx.tourist_experiences (experiences_id, tourist_id) values (119, 8);
insert into projectx.tourist_experiences (experiences_id, tourist_id) values (120, 9);
insert into projectx.tourist_experiences (experiences_id, tourist_id) values (121, 19);
insert into projectx.tourist_experiences (experiences_id, tourist_id) values (122, 1);
insert into projectx.tourist_experiences (experiences_id, tourist_id) values (123, 8);
insert into projectx.tourist_experiences (experiences_id, tourist_id) values (124, 15);
insert into projectx.tourist_experiences (experiences_id, tourist_id) values (125, 13);
insert into projectx.tourist_experiences (experiences_id, tourist_id) values (126, 6);
insert into projectx.tourist_experiences (experiences_id, tourist_id) values (127, 10);
insert into projectx.tourist_experiences (experiences_id, tourist_id) values (128, 17);
insert into projectx.tourist_experiences (experiences_id, tourist_id) values (129, 13);
insert into projectx.tourist_experiences (experiences_id, tourist_id) values (130, 12);
insert into projectx.tourist_experiences (experiences_id, tourist_id) values (131, 10);
insert into projectx.tourist_experiences (experiences_id, tourist_id) values (132, 2);
insert into projectx.tourist_experiences (experiences_id, tourist_id) values (133, 20);
insert into projectx.tourist_experiences (experiences_id, tourist_id) values (134, 19);
insert into projectx.tourist_experiences (experiences_id, tourist_id) values (135, 19);
insert into projectx.tourist_experiences (experiences_id, tourist_id) values (136, 3);
insert into projectx.tourist_experiences (experiences_id, tourist_id) values (137, 7);
insert into projectx.tourist_experiences (experiences_id, tourist_id) values (138, 1);
insert into projectx.tourist_experiences (experiences_id, tourist_id) values (139, 19);
insert into projectx.tourist_experiences (experiences_id, tourist_id) values (140, 4);
insert into projectx.tourist_experiences (experiences_id, tourist_id) values (141, 13);
insert into projectx.tourist_experiences (experiences_id, tourist_id) values (142, 11);
insert into projectx.tourist_experiences (experiences_id, tourist_id) values (143, 8);
insert into projectx.tourist_experiences (experiences_id, tourist_id) values (144, 9);
insert into projectx.tourist_experiences (experiences_id, tourist_id) values (145, 7);
insert into projectx.tourist_experiences (experiences_id, tourist_id) values (146, 2);
insert into projectx.tourist_experiences (experiences_id, tourist_id) values (147, 5);
insert into projectx.tourist_experiences (experiences_id, tourist_id) values (148, 13);
insert into projectx.tourist_experiences (experiences_id, tourist_id) values (149, 10);
insert into projectx.tourist_experiences (experiences_id, tourist_id) values (150, 3);
insert into projectx.tourist_experiences (experiences_id, tourist_id) values (151, 1);
insert into projectx.tourist_experiences (experiences_id, tourist_id) values (152, 1);
insert into projectx.tourist_experiences (experiences_id, tourist_id) values (153, 20);
insert into projectx.tourist_experiences (experiences_id, tourist_id) values (154, 20);
insert into projectx.tourist_experiences (experiences_id, tourist_id) values (155, 17);
insert into projectx.tourist_experiences (experiences_id, tourist_id) values (156, 17);
insert into projectx.tourist_experiences (experiences_id, tourist_id) values (157, 11);
insert into projectx.tourist_experiences (experiences_id, tourist_id) values (158, 3);
insert into projectx.tourist_experiences (experiences_id, tourist_id) values (159, 14);
insert into projectx.tourist_experiences (experiences_id, tourist_id) values (160, 9);
insert into projectx.tourist_experiences (experiences_id, tourist_id) values (161, 8);
insert into projectx.tourist_experiences (experiences_id, tourist_id) values (162, 10);
insert into projectx.tourist_experiences (experiences_id, tourist_id) values (163, 2);
insert into projectx.tourist_experiences (experiences_id, tourist_id) values (164, 11);
insert into projectx.tourist_experiences (experiences_id, tourist_id) values (165, 7);
insert into projectx.tourist_experiences (experiences_id, tourist_id) values (166, 11);
insert into projectx.tourist_experiences (experiences_id, tourist_id) values (167, 17);
insert into projectx.tourist_experiences (experiences_id, tourist_id) values (168, 6);
insert into projectx.tourist_experiences (experiences_id, tourist_id) values (169, 4);
insert into projectx.tourist_experiences (experiences_id, tourist_id) values (170, 11);
insert into projectx.tourist_experiences (experiences_id, tourist_id) values (171, 12);
insert into projectx.tourist_experiences (experiences_id, tourist_id) values (172, 3);
insert into projectx.tourist_experiences (experiences_id, tourist_id) values (173, 7);
insert into projectx.tourist_experiences (experiences_id, tourist_id) values (174, 18);
insert into projectx.tourist_experiences (experiences_id, tourist_id) values (175, 15);
insert into projectx.tourist_experiences (experiences_id, tourist_id) values (176, 8);
insert into projectx.tourist_experiences (experiences_id, tourist_id) values (177, 19);
insert into projectx.tourist_experiences (experiences_id, tourist_id) values (178, 8);
insert into projectx.tourist_experiences (experiences_id, tourist_id) values (179, 11);
insert into projectx.tourist_experiences (experiences_id, tourist_id) values (180, 9);
insert into projectx.tourist_experiences (experiences_id, tourist_id) values (181, 14);
insert into projectx.tourist_experiences (experiences_id, tourist_id) values (182, 11);
insert into projectx.tourist_experiences (experiences_id, tourist_id) values (183, 6);
insert into projectx.tourist_experiences (experiences_id, tourist_id) values (184, 14);
insert into projectx.tourist_experiences (experiences_id, tourist_id) values (185, 4);
insert into projectx.tourist_experiences (experiences_id, tourist_id) values (186, 9);
insert into projectx.tourist_experiences (experiences_id, tourist_id) values (187, 18);
insert into projectx.tourist_experiences (experiences_id, tourist_id) values (188, 4);
insert into projectx.tourist_experiences (experiences_id, tourist_id) values (189, 15);
insert into projectx.tourist_experiences (experiences_id, tourist_id) values (190, 4);
insert into projectx.tourist_experiences (experiences_id, tourist_id) values (191, 12);
insert into projectx.tourist_experiences (experiences_id, tourist_id) values (192, 8);
insert into projectx.tourist_experiences (experiences_id, tourist_id) values (193, 3);
insert into projectx.tourist_experiences (experiences_id, tourist_id) values (194, 3);
insert into projectx.tourist_experiences (experiences_id, tourist_id) values (195, 13);
insert into projectx.tourist_experiences (experiences_id, tourist_id) values (196, 7);
insert into projectx.tourist_experiences (experiences_id, tourist_id) values (197, 2);
insert into projectx.tourist_experiences (experiences_id, tourist_id) values (198, 8);
insert into projectx.tourist_experiences (experiences_id, tourist_id) values (199, 17);
insert into projectx.tourist_experiences (experiences_id, tourist_id) values (200, 20);
insert into projectx.trip (id, city) values (1, 'Muzayri‘');
insert into projectx.trip (id, city) values (2, 'Beizhakou');
insert into projectx.trip (id, city) values (3, 'Komsomol’skiy');
insert into projectx.trip (id, city) values (4, 'San Rafael');
insert into projectx.trip (id, city) values (5, 'Shetangpo');
insert into projectx.trip (id, city) values (6, 'Kekeri');
insert into projectx.trip (id, city) values (7, 'Bezlyudivka');
insert into projectx.trip (id, city) values (8, 'Titay');
insert into projectx.trip (id, city) values (9, 'Fond du Sac');
insert into projectx.trip (id, city) values (10, 'Bačka Palanka');
insert into projectx.trip (id, city) values (11, 'Monastyrshchina');
insert into projectx.trip (id, city) values (12, 'São Vicente de Ferreira');
insert into projectx.trip (id, city) values (13, 'Ning’an');
insert into projectx.trip (id, city) values (14, 'Shevchenkove');
insert into projectx.trip (id, city) values (15, 'Norfolk');
insert into projectx.trip (id, city) values (16, 'Zhukeng');
insert into projectx.trip (id, city) values (17, 'Jarash');
insert into projectx.trip (id, city) values (18, 'Čačinci');
insert into projectx.trip (id, city) values (19, 'Staré Město');
insert into projectx.trip (id, city) values (20, 'Xomong');
insert into projectx.trip (id, city) values (21, 'Longford');
insert into projectx.trip (id, city) values (22, 'Kap Choeng');
insert into projectx.trip (id, city) values (23, 'Grande Prairie');
insert into projectx.trip (id, city) values (24, 'At-Bashi');
insert into projectx.trip (id, city) values (25, 'Moluo');
insert into projectx.trip (id, city) values (26, 'Värnamo');
insert into projectx.trip (id, city) values (27, 'Magalalag');
insert into projectx.trip (id, city) values (28, 'Kubang');
insert into projectx.trip (id, city) values (29, 'Kamo');
insert into projectx.trip (id, city) values (30, 'Kwangyang');
insert into projectx.trip (id, city) values (31, 'Argalastí');
insert into projectx.trip (id, city) values (32, 'Cruzeiro do Sul');
insert into projectx.trip (id, city) values (33, 'Trondheim');
insert into projectx.trip (id, city) values (34, 'Mahīn');
insert into projectx.trip (id, city) values (35, 'Pasirnangka');
insert into projectx.trip (id, city) values (36, 'Frutal');
insert into projectx.trip (id, city) values (37, 'Woro');
insert into projectx.trip (id, city) values (38, 'Oenopu');
insert into projectx.trip (id, city) values (39, 'Gangkoujie');
insert into projectx.trip (id, city) values (40, 'Drawno');
insert into projectx.trip (id, city) values (41, 'Ganding');
insert into projectx.trip (id, city) values (42, 'Santa Vitória do Palmar');
insert into projectx.trip (id, city) values (43, 'Ciriri');
insert into projectx.trip (id, city) values (44, 'Baixiang');
insert into projectx.trip (id, city) values (45, 'Guta');
insert into projectx.trip (id, city) values (46, 'Nan’ao');
insert into projectx.trip (id, city) values (47, 'Nedašov');
insert into projectx.trip (id, city) values (48, 'Naurskaya');
insert into projectx.trip (id, city) values (49, 'Priupskiy');
insert into projectx.trip (id, city) values (50, 'Honda');
insert into projectx.trip_experiences (experiences_id, trip_id) values (1, 14);
insert into projectx.trip_experiences (experiences_id, trip_id) values (2, 38);
insert into projectx.trip_experiences (experiences_id, trip_id) values (3, 9);
insert into projectx.trip_experiences (experiences_id, trip_id) values (4, 37);
insert into projectx.trip_experiences (experiences_id, trip_id) values (5, 7);
insert into projectx.trip_experiences (experiences_id, trip_id) values (6, 21);
insert into projectx.trip_experiences (experiences_id, trip_id) values (7, 44);
insert into projectx.trip_experiences (experiences_id, trip_id) values (8, 28);
insert into projectx.trip_experiences (experiences_id, trip_id) values (9, 48);
insert into projectx.trip_experiences (experiences_id, trip_id) values (10, 21);
insert into projectx.trip_experiences (experiences_id, trip_id) values (11, 31);
insert into projectx.trip_experiences (experiences_id, trip_id) values (12, 10);
insert into projectx.trip_experiences (experiences_id, trip_id) values (13, 31);
insert into projectx.trip_experiences (experiences_id, trip_id) values (14, 20);
insert into projectx.trip_experiences (experiences_id, trip_id) values (15, 46);
insert into projectx.trip_experiences (experiences_id, trip_id) values (16, 34);
insert into projectx.trip_experiences (experiences_id, trip_id) values (17, 6);
insert into projectx.trip_experiences (experiences_id, trip_id) values (18, 11);
insert into projectx.trip_experiences (experiences_id, trip_id) values (19, 16);
insert into projectx.trip_experiences (experiences_id, trip_id) values (20, 26);
insert into projectx.trip_experiences (experiences_id, trip_id) values (21, 17);
insert into projectx.trip_experiences (experiences_id, trip_id) values (22, 8);
insert into projectx.trip_experiences (experiences_id, trip_id) values (23, 36);
insert into projectx.trip_experiences (experiences_id, trip_id) values (24, 39);
insert into projectx.trip_experiences (experiences_id, trip_id) values (25, 50);
insert into projectx.trip_experiences (experiences_id, trip_id) values (26, 3);
insert into projectx.trip_experiences (experiences_id, trip_id) values (27, 39);
insert into projectx.trip_experiences (experiences_id, trip_id) values (28, 33);
insert into projectx.trip_experiences (experiences_id, trip_id) values (29, 20);
insert into projectx.trip_experiences (experiences_id, trip_id) values (30, 36);
insert into projectx.trip_experiences (experiences_id, trip_id) values (31, 36);
insert into projectx.trip_experiences (experiences_id, trip_id) values (32, 35);
insert into projectx.trip_experiences (experiences_id, trip_id) values (33, 24);
insert into projectx.trip_experiences (experiences_id, trip_id) values (34, 29);
insert into projectx.trip_experiences (experiences_id, trip_id) values (35, 44);
insert into projectx.trip_experiences (experiences_id, trip_id) values (36, 32);
insert into projectx.trip_experiences (experiences_id, trip_id) values (37, 41);
insert into projectx.trip_experiences (experiences_id, trip_id) values (38, 28);
insert into projectx.trip_experiences (experiences_id, trip_id) values (39, 26);
insert into projectx.trip_experiences (experiences_id, trip_id) values (40, 11);
insert into projectx.trip_experiences (experiences_id, trip_id) values (41, 44);
insert into projectx.trip_experiences (experiences_id, trip_id) values (42, 35);
insert into projectx.trip_experiences (experiences_id, trip_id) values (43, 22);
insert into projectx.trip_experiences (experiences_id, trip_id) values (44, 42);
insert into projectx.trip_experiences (experiences_id, trip_id) values (45, 33);
insert into projectx.trip_experiences (experiences_id, trip_id) values (46, 19);
insert into projectx.trip_experiences (experiences_id, trip_id) values (47, 6);
insert into projectx.trip_experiences (experiences_id, trip_id) values (48, 6);
insert into projectx.trip_experiences (experiences_id, trip_id) values (49, 6);
insert into projectx.trip_experiences (experiences_id, trip_id) values (50, 37);
insert into projectx.trip_experiences (experiences_id, trip_id) values (51, 46);
insert into projectx.trip_experiences (experiences_id, trip_id) values (52, 41);
insert into projectx.trip_experiences (experiences_id, trip_id) values (53, 42);
insert into projectx.trip_experiences (experiences_id, trip_id) values (54, 12);
insert into projectx.trip_experiences (experiences_id, trip_id) values (55, 14);
insert into projectx.trip_experiences (experiences_id, trip_id) values (56, 4);
insert into projectx.trip_experiences (experiences_id, trip_id) values (57, 11);
insert into projectx.trip_experiences (experiences_id, trip_id) values (58, 1);
insert into projectx.trip_experiences (experiences_id, trip_id) values (59, 31);
insert into projectx.trip_experiences (experiences_id, trip_id) values (60, 20);
insert into projectx.trip_experiences (experiences_id, trip_id) values (61, 25);
insert into projectx.trip_experiences (experiences_id, trip_id) values (62, 32);
insert into projectx.trip_experiences (experiences_id, trip_id) values (63, 35);
insert into projectx.trip_experiences (experiences_id, trip_id) values (64, 4);
insert into projectx.trip_experiences (experiences_id, trip_id) values (65, 14);
insert into projectx.trip_experiences (experiences_id, trip_id) values (66, 8);
insert into projectx.trip_experiences (experiences_id, trip_id) values (67, 11);
insert into projectx.trip_experiences (experiences_id, trip_id) values (68, 9);
insert into projectx.trip_experiences (experiences_id, trip_id) values (69, 6);
insert into projectx.trip_experiences (experiences_id, trip_id) values (70, 2);
insert into projectx.trip_experiences (experiences_id, trip_id) values (71, 36);
insert into projectx.trip_experiences (experiences_id, trip_id) values (72, 13);
insert into projectx.trip_experiences (experiences_id, trip_id) values (73, 26);
insert into projectx.trip_experiences (experiences_id, trip_id) values (74, 24);
insert into projectx.trip_experiences (experiences_id, trip_id) values (75, 2);
insert into projectx.trip_experiences (experiences_id, trip_id) values (76, 22);
insert into projectx.trip_experiences (experiences_id, trip_id) values (77, 5);
insert into projectx.trip_experiences (experiences_id, trip_id) values (78, 13);
insert into projectx.trip_experiences (experiences_id, trip_id) values (79, 19);
insert into projectx.trip_experiences (experiences_id, trip_id) values (80, 19);
insert into projectx.trip_experiences (experiences_id, trip_id) values (81, 15);
insert into projectx.trip_experiences (experiences_id, trip_id) values (82, 4);
insert into projectx.trip_experiences (experiences_id, trip_id) values (83, 10);
insert into projectx.trip_experiences (experiences_id, trip_id) values (84, 15);
insert into projectx.trip_experiences (experiences_id, trip_id) values (85, 27);
insert into projectx.trip_experiences (experiences_id, trip_id) values (86, 47);
insert into projectx.trip_experiences (experiences_id, trip_id) values (87, 46);
insert into projectx.trip_experiences (experiences_id, trip_id) values (88, 38);
insert into projectx.trip_experiences (experiences_id, trip_id) values (89, 37);
insert into projectx.trip_experiences (experiences_id, trip_id) values (90, 12);
insert into projectx.trip_experiences (experiences_id, trip_id) values (91, 10);
insert into projectx.trip_experiences (experiences_id, trip_id) values (92, 34);
insert into projectx.trip_experiences (experiences_id, trip_id) values (93, 39);
insert into projectx.trip_experiences (experiences_id, trip_id) values (94, 33);
insert into projectx.trip_experiences (experiences_id, trip_id) values (95, 11);
insert into projectx.trip_experiences (experiences_id, trip_id) values (96, 21);
insert into projectx.trip_experiences (experiences_id, trip_id) values (97, 32);
insert into projectx.trip_experiences (experiences_id, trip_id) values (98, 16);
insert into projectx.trip_experiences (experiences_id, trip_id) values (99, 17);
insert into projectx.trip_experiences (experiences_id, trip_id) values (100, 20);
insert into projectx.trip_experiences (experiences_id, trip_id) values (101, 36);
insert into projectx.trip_experiences (experiences_id, trip_id) values (102, 44);
insert into projectx.trip_experiences (experiences_id, trip_id) values (103, 16);
insert into projectx.trip_experiences (experiences_id, trip_id) values (104, 35);
insert into projectx.trip_experiences (experiences_id, trip_id) values (105, 34);
insert into projectx.trip_experiences (experiences_id, trip_id) values (106, 38);
insert into projectx.trip_experiences (experiences_id, trip_id) values (107, 14);
insert into projectx.trip_experiences (experiences_id, trip_id) values (108, 11);
insert into projectx.trip_experiences (experiences_id, trip_id) values (109, 8);
insert into projectx.trip_experiences (experiences_id, trip_id) values (110, 24);
insert into projectx.trip_experiences (experiences_id, trip_id) values (111, 17);
insert into projectx.trip_experiences (experiences_id, trip_id) values (112, 34);
insert into projectx.trip_experiences (experiences_id, trip_id) values (113, 4);
insert into projectx.trip_experiences (experiences_id, trip_id) values (114, 10);
insert into projectx.trip_experiences (experiences_id, trip_id) values (115, 22);
insert into projectx.trip_experiences (experiences_id, trip_id) values (116, 48);
insert into projectx.trip_experiences (experiences_id, trip_id) values (117, 31);
insert into projectx.trip_experiences (experiences_id, trip_id) values (118, 21);
insert into projectx.trip_experiences (experiences_id, trip_id) values (119, 35);
insert into projectx.trip_experiences (experiences_id, trip_id) values (120, 40);
insert into projectx.trip_experiences (experiences_id, trip_id) values (121, 4);
insert into projectx.trip_experiences (experiences_id, trip_id) values (122, 44);
insert into projectx.trip_experiences (experiences_id, trip_id) values (123, 17);
insert into projectx.trip_experiences (experiences_id, trip_id) values (124, 35);
insert into projectx.trip_experiences (experiences_id, trip_id) values (125, 42);
insert into projectx.trip_experiences (experiences_id, trip_id) values (126, 38);
insert into projectx.trip_experiences (experiences_id, trip_id) values (127, 48);
insert into projectx.trip_experiences (experiences_id, trip_id) values (128, 33);
insert into projectx.trip_experiences (experiences_id, trip_id) values (129, 7);
insert into projectx.trip_experiences (experiences_id, trip_id) values (130, 49);
insert into projectx.trip_experiences (experiences_id, trip_id) values (131, 40);
insert into projectx.trip_experiences (experiences_id, trip_id) values (132, 18);
insert into projectx.trip_experiences (experiences_id, trip_id) values (133, 22);
insert into projectx.trip_experiences (experiences_id, trip_id) values (134, 3);
insert into projectx.trip_experiences (experiences_id, trip_id) values (135, 16);
insert into projectx.trip_experiences (experiences_id, trip_id) values (136, 9);
insert into projectx.trip_experiences (experiences_id, trip_id) values (137, 32);
insert into projectx.trip_experiences (experiences_id, trip_id) values (138, 18);
insert into projectx.trip_experiences (experiences_id, trip_id) values (139, 38);
insert into projectx.trip_experiences (experiences_id, trip_id) values (140, 22);
insert into projectx.trip_experiences (experiences_id, trip_id) values (141, 10);
insert into projectx.trip_experiences (experiences_id, trip_id) values (142, 47);
insert into projectx.trip_experiences (experiences_id, trip_id) values (143, 5);
insert into projectx.trip_experiences (experiences_id, trip_id) values (144, 1);
insert into projectx.trip_experiences (experiences_id, trip_id) values (145, 35);
insert into projectx.trip_experiences (experiences_id, trip_id) values (146, 13);
insert into projectx.trip_experiences (experiences_id, trip_id) values (147, 15);
insert into projectx.trip_experiences (experiences_id, trip_id) values (148, 48);
insert into projectx.trip_experiences (experiences_id, trip_id) values (149, 23);
insert into projectx.trip_experiences (experiences_id, trip_id) values (150, 13);
insert into projectx.trip_experiences (experiences_id, trip_id) values (151, 42);
insert into projectx.trip_experiences (experiences_id, trip_id) values (152, 16);
insert into projectx.trip_experiences (experiences_id, trip_id) values (153, 25);
insert into projectx.trip_experiences (experiences_id, trip_id) values (154, 10);
insert into projectx.trip_experiences (experiences_id, trip_id) values (155, 1);
insert into projectx.trip_experiences (experiences_id, trip_id) values (156, 28);
insert into projectx.trip_experiences (experiences_id, trip_id) values (157, 5);
insert into projectx.trip_experiences (experiences_id, trip_id) values (158, 32);
insert into projectx.trip_experiences (experiences_id, trip_id) values (159, 38);
insert into projectx.trip_experiences (experiences_id, trip_id) values (160, 41);
insert into projectx.trip_experiences (experiences_id, trip_id) values (161, 50);
insert into projectx.trip_experiences (experiences_id, trip_id) values (162, 9);
insert into projectx.trip_experiences (experiences_id, trip_id) values (163, 48);
insert into projectx.trip_experiences (experiences_id, trip_id) values (164, 1);
insert into projectx.trip_experiences (experiences_id, trip_id) values (165, 33);
insert into projectx.trip_experiences (experiences_id, trip_id) values (166, 15);
insert into projectx.trip_experiences (experiences_id, trip_id) values (167, 6);
insert into projectx.trip_experiences (experiences_id, trip_id) values (168, 40);
insert into projectx.trip_experiences (experiences_id, trip_id) values (169, 38);
insert into projectx.trip_experiences (experiences_id, trip_id) values (170, 41);
insert into projectx.trip_experiences (experiences_id, trip_id) values (171, 29);
insert into projectx.trip_experiences (experiences_id, trip_id) values (172, 47);
insert into projectx.trip_experiences (experiences_id, trip_id) values (173, 31);
insert into projectx.trip_experiences (experiences_id, trip_id) values (174, 26);
insert into projectx.trip_experiences (experiences_id, trip_id) values (175, 28);
insert into projectx.trip_experiences (experiences_id, trip_id) values (176, 44);
insert into projectx.trip_experiences (experiences_id, trip_id) values (177, 9);
insert into projectx.trip_experiences (experiences_id, trip_id) values (178, 20);
insert into projectx.trip_experiences (experiences_id, trip_id) values (179, 49);
insert into projectx.trip_experiences (experiences_id, trip_id) values (180, 24);
insert into projectx.trip_experiences (experiences_id, trip_id) values (181, 4);
insert into projectx.trip_experiences (experiences_id, trip_id) values (182, 42);
insert into projectx.trip_experiences (experiences_id, trip_id) values (183, 11);
insert into projectx.trip_experiences (experiences_id, trip_id) values (184, 38);
insert into projectx.trip_experiences (experiences_id, trip_id) values (185, 27);
insert into projectx.trip_experiences (experiences_id, trip_id) values (186, 15);
insert into projectx.trip_experiences (experiences_id, trip_id) values (187, 6);
insert into projectx.trip_experiences (experiences_id, trip_id) values (188, 42);
insert into projectx.trip_experiences (experiences_id, trip_id) values (189, 41);
insert into projectx.trip_experiences (experiences_id, trip_id) values (190, 26);
insert into projectx.trip_experiences (experiences_id, trip_id) values (191, 4);
insert into projectx.trip_experiences (experiences_id, trip_id) values (192, 5);
insert into projectx.trip_experiences (experiences_id, trip_id) values (193, 9);
insert into projectx.trip_experiences (experiences_id, trip_id) values (194, 15);
insert into projectx.trip_experiences (experiences_id, trip_id) values (195, 12);
insert into projectx.trip_experiences (experiences_id, trip_id) values (196, 49);
insert into projectx.trip_experiences (experiences_id, trip_id) values (197, 49);
insert into projectx.trip_experiences (experiences_id, trip_id) values (198, 24);
insert into projectx.trip_experiences (experiences_id, trip_id) values (199, 5);
insert into projectx.trip_experiences (experiences_id, trip_id) values (200, 24);